event_name,model_name,timestep,well,accuracy
Abrupt Increase of BSW,DQN,10000,WELL-00001,0.9603174603174603
Abrupt Increase of BSW,DQN,10000,WELL-00006,0.895407717827833
Abrupt Increase of BSW,DQN,10000,WELL-00002,0.8862690707350902
Abrupt Increase of BSW,DQN,100000,WELL-00002,0.986130374479889
Abrupt Increase of BSW,DQN,100000,WELL-00001,0.9654934437543133
Abrupt Increase of BSW,DQN,100000,WELL-00006,0.9479657761480705
