model,timestep,avg_accuracy
DQN,1000,0.5262029514973803
DQN,1000,0.33283661010431187
DQN,150000,0.9297216747584482
DQN,150000,0.9746671153199058,1.0,0.9190227412415488,0.9578028665225398
DQN,150000,0.9934624813728788,0.9993730407523511,0.9797172710510141,0.989447548106766
