model,timestep,avg_accuracy
DQN,1000,0.5262029514973803
DQN,1000,0.33283661010431187
DQN,150000,0.9297216747584482
